[{
    "mob": "minecraft:zombie",
    "result": "default",
    "healthmultiply": 2,
    "damagemultiply": 2,
    "speedmultiply": 0.5
  },
{
    "mob": "minecraft:skeleton",
    "result": "default",
    "healthmultiply": 0.5,
    "damagemultiply": 0.5,
    "speedmultiply": 1.5
  },
{
    "mob": "minecraft:creeper",
    "result": "default",
    "healthmultiply": 0.75,
    "damagemultiply": 1.5,
    "speedmultiply": 1.25
  },
{
    "mob": "minecraft:spider",
    "result": "default",
    "customname": "Crawler",
    "healthmultiply":1.5,
    "speedmultiply": 1.2
},
  {
    "dimension": 0,
    "mob": "minecraft:blaze",
    "block": "minecraft:netherrack",
    "result": "allow"
  },
{
    "mob": "minecraft:silverfish",
    "seesky": false,
    "block": ["minecraft:stone", "minecraft:dirt"],
    "result": "allow"
  },
  {
    "dimension": 0,
    "mob": ["minecraft:blaze", "minecraft:silverfish"],
    "result": "deny"
}]
